{"cameraMode":{"drawMode":0,"name":"Shaded","section":"Shading Mode"},"sceneLighting":true,"audioPlay":false,"sceneViewState":{"showFog":true,"showMaterialUpdate":false,"showSkybox":true,"showFlares":true,"showImageEffects":true,"showParticleSystems":true},"in2DMode":false,"pivot":{"x":183.2702178955078,"y":45.31720733642578,"z":237.34942626953126},"rotation":{"x":-0.08208604902029038,"y":0.8945149779319763,"z":-0.18394127488136292,"w":-0.3991388976573944},"size":30.460912704467775,"orthographic":false}