{"cameraMode":{"drawMode":0,"name":"Shaded","section":"Shading Mode"},"sceneLighting":true,"audioPlay":false,"sceneViewState":{"showFog":true,"showMaterialUpdate":true,"showSkybox":true,"showFlares":true,"showImageEffects":true,"showParticleSystems":true},"in2DMode":false,"pivot":{"x":27.374174118041993,"y":-85.56285095214844,"z":-37.192466735839847},"rotation":{"x":-0.06288149207830429,"y":0.9228914976119995,"z":-0.1710955798625946,"w":-0.3391835391521454},"size":240.47743225097657,"orthographic":false}